{"cameraMode":{"drawMode":0,"name":"Shaded","section":"Shading Mode"},"sceneLighting":true,"audioPlay":false,"sceneViewState":{"m_AlwaysRefresh":false,"showFog":true,"showSkybox":true,"showFlares":true,"showImageEffects":true,"showParticleSystems":true,"showVisualEffectGraphs":true,"m_FxEnabled":true},"in2DMode":false,"pivot":{"x":22.108699798583986,"y":12.19096851348877,"z":32.40001678466797},"rotation":{"x":-0.20080985128879548,"y":0.1399485170841217,"z":-0.029005805030465127,"w":-0.9691635966300964},"size":18.342967987060548,"orthographic":false}